{"cameraMode":{"drawMode":0,"name":"Shaded","section":"Shading Mode"},"sceneLighting":true,"audioPlay":false,"sceneViewState":{"showFog":true,"showMaterialUpdate":false,"showSkybox":true,"showFlares":true,"showImageEffects":true,"showParticleSystems":true},"in2DMode":false,"pivot":{"x":96.54023742675781,"y":3.4831504821777345,"z":-18.900117874145509},"rotation":{"x":-0.20647089183330537,"y":0.665844202041626,"z":-0.19964569807052613,"w":-0.6886010766029358},"size":104.3561019897461,"orthographic":false}