{"cameraMode":{"drawMode":0,"name":"Shaded","section":"Shading Mode"},"sceneLighting":true,"audioPlay":false,"sceneViewState":{"showFog":true,"showMaterialUpdate":false,"showSkybox":true,"showFlares":true,"showImageEffects":true,"showParticleSystems":true},"in2DMode":false,"pivot":{"x":41.343509674072269,"y":29.420969009399415,"z":-49.50509262084961},"rotation":{"x":-0.3183826208114624,"y":-0.0686621144413948,"z":0.023134570568799974,"w":-0.9452281594276428},"size":140.94972229003907,"orthographic":true}